<metadata xml:lang="pl"><Esri><CreaDate>20240307</CreaDate><CreaTime>10405800</CreaTime><ArcGISFormat>1.0</ArcGISFormat><SyncOnce>FALSE</SyncOnce><DataProperties><lineage><Process ToolSource="c:\program files\arcgis\pro\Resources\ArcToolbox\toolboxes\Data Management Tools.tbx\CreateFeatureclass" Date="20240307" Time="104058">CreateFeatureclass "C:\Users\adamp\OneDrive\Pulpit\MGR\S1\Geostatystyka i analiza danych\Ćwiczenia\Projekt 1\Projekt1\Projekt1.gdb" Zn_XYTableToPoint Point GPLYR_{6AB768D4-BB26-40CB-8C8F-7C1D72D3513B} No No "PROJCS["Pulkovo_1942_Adj_1958_Poland_Zone_II",GEOGCS["GCS_Pulkovo_1942_Adj_1958",DATUM["D_Pulkovo_1942_Adj_1958",SPHEROID["Krasovsky_1940",6378245.0,298.3]],PRIMEM["Greenwich",0.0],UNIT["Degree",0.0174532925199433]],PROJECTION["Double_Stereographic"],PARAMETER["False_Easting",4603000.0],PARAMETER["False_Northing",5806000.0],PARAMETER["Central_Meridian",21.50277777777778],PARAMETER["Scale_Factor",0.9998],PARAMETER["Latitude_Of_Origin",53.00194444444445],UNIT["Meter",1.0]];-26065700 -24937700 146720474.191988;-100000 10000;-100000 10000;0.001;0.001;0.001;IsHighPrecision" # 0 0 0 # "Same as template"</Process><Process ToolSource="c:\program files\arcgis\pro\Resources\ArcToolbox\toolboxes\Data Management Tools.tbx\XYTableToPoint" Date="20240307" Time="104058">XYTableToPoint Zn$ "C:\Users\adamp\OneDrive\Pulpit\MGR\S1\Geostatystyka i analiza danych\Ćwiczenia\Projekt 1\Projekt1\Projekt1.gdb\Zn_XYTableToPoint" X Y # "PROJCS["Pulkovo_1942_Adj_1958_Poland_Zone_II",GEOGCS["GCS_Pulkovo_1942_Adj_1958",DATUM["D_Pulkovo_1942_Adj_1958",SPHEROID["Krasovsky_1940",6378245.0,298.3]],PRIMEM["Greenwich",0.0],UNIT["Degree",0.0174532925199433]],PROJECTION["Double_Stereographic"],PARAMETER["False_Easting",4603000.0],PARAMETER["False_Northing",5806000.0],PARAMETER["Central_Meridian",21.50277777777778],PARAMETER["Scale_Factor",0.9998],PARAMETER["Latitude_Of_Origin",53.00194444444445],UNIT["Meter",1.0]];-26065700 -24937700 146720474.191988;-100000 10000;-100000 10000;0.001;0.001;0.001;IsHighPrecision"</Process><Process ToolSource="c:\program files\arcgis\pro\Resources\ArcToolbox\toolboxes\Data Management Tools.tbx\JoinField" Date="20240310" Time="130249">JoinField Zn_table NR Pb_table NR # "Use field mapping" "Pb "Pb" true true false 8 Double 0 0,First,#,Pb_table,Pb,-1,-1" "Do not add indexes"</Process><Process ToolSource="c:\program files\arcgis\pro\Resources\ArcToolbox\toolboxes\Data Management Tools.tbx\JoinField" Date="20240310" Time="130405">JoinField Zn_table NR Mn_table NR # "Use field mapping" "Mn "Mn" true true false 8 Double 0 0,First,#,Mn_table,Mn,-1,-1" "Do not add indexes"</Process><Process ToolSource="c:\program files\arcgis\pro\Resources\ArcToolbox\toolboxes\Data Management Tools.tbx\JoinField" Date="20240310" Time="130432">JoinField Zn_table NR Cr_table NR # "Use field mapping" "Cr "Cr" true true false 8 Double 0 0,First,#,Cr_table,Cr,-1,-1" "Do not add indexes"</Process><Process ToolSource="c:\program files\arcgis\pro\Resources\ArcToolbox\toolboxes\Data Management Tools.tbx\JoinField" Date="20240310" Time="130530">JoinField Zn_table NR Cd_table NR # "Use field mapping" "Cd "Cd" true true false 8 Double 0 0,First,#,Cd_table,Cd,-1,-1" "Do not add indexes"</Process><Process ToolSource="c:\program files\arcgis\pro\Resources\ArcToolbox\toolboxes\Data Management Tools.tbx\JoinField" Date="20240310" Time="130546">JoinField Zn_table NR Cu_table NR # "Use field mapping" "Cu "Cu" true true false 8 Double 0 0,First,#,Cu_table,Cu,-1,-1" "Do not add indexes"</Process><Process ToolSource="c:\program files\arcgis\pro\Resources\ArcToolbox\toolboxes\Data Management Tools.tbx\JoinField" Date="20240310" Time="130613">JoinField Zn_table NR Fe_table NR # "Use field mapping" "Fe "Fe" true true false 8 Double 0 0,First,#,Fe_table,Fe,-1,-1" "Do not add indexes"</Process><Process ToolSource="c:\program files\arcgis\pro\Resources\ArcToolbox\Toolboxes\Data Management Tools.tbx\DeleteField" Date="20240311" Time="134233">DeleteField Wigry_all Pb "Delete Fields"</Process><Process ToolSource="c:\program files\arcgis\pro\Resources\ArcToolbox\toolboxes\Conversion Tools.tbx\ExportFeatures" Date="20240311" Time="135144">ExportFeatures Wigry_all "C:\Users\adamp\OneDrive\Pulpit\MGR\S1\Geostatystyka i analiza danych\Ćwiczenia\Projekt 1\Projekt1\data\Wigry_all\wigry.shp" # NOT_USE_ALIAS "NR "NR" true true false 8 Double 0 0,First,#,Wigry_all,NR,-1,-1;X "X" true true false 8 Double 0 0,First,#,Wigry_all,X,-1,-1;Y "Y" true true false 8 Double 0 0,First,#,Wigry_all,Y,-1,-1;Z "Z" true true false 8 Double 0 0,First,#,Wigry_all,Z,-1,-1;Zn "Zn" true true false 8 Double 0 0,First,#,Wigry_all,Zn,-1,-1;Mn "Mn" true true false 8 Double 0 0,First,#,Wigry_all,Mn,-1,-1;Cr "Cr" true true false 8 Double 0 0,First,#,Wigry_all,Cr,-1,-1;Cd "Cd" true true false 8 Double 0 0,First,#,Wigry_all,Cd,-1,-1;Cu "Cu" true true false 8 Double 0 0,First,#,Wigry_all,Cu,-1,-1;Fe "Fe" true true false 8 Double 0 0,First,#,Wigry_all,Fe,-1,-1" #</Process></lineage><itemProps><itemName Sync="TRUE">wigry</itemName><imsContentType Sync="TRUE">002</imsContentType><itemSize Sync="TRUE">0.000</itemSize><itemLocation><linkage Sync="TRUE">file://\\ASUS\C$\Users\adamp\OneDrive\Pulpit\MGR\S1\Geostatystyka i analiza danych\Ćwiczenia\Projekt 1\Projekt1\data\Wigry_all\wigry.shp</linkage><protocol Sync="TRUE">Local Area Network</protocol></itemLocation></itemProps><coordRef><type Sync="TRUE">Projected</type><geogcsn Sync="TRUE">GCS_Pulkovo_1942_Adj_1958</geogcsn><csUnits Sync="TRUE">Linear Unit: Meter (1.000000)</csUnits><projcsn Sync="TRUE">Pulkovo_1942_Adj_1958_Poland_Zone_II</projcsn><peXml Sync="TRUE">&lt;ProjectedCoordinateSystem xsi:type='typens:ProjectedCoordinateSystem' xmlns:xsi='http://www.w3.org/2001/XMLSchema-instance' xmlns:xs='http://www.w3.org/2001/XMLSchema' xmlns:typens='http://www.esri.com/schemas/ArcGIS/3.2.0'&gt;&lt;WKT&gt;PROJCS[&amp;quot;Pulkovo_1942_Adj_1958_Poland_Zone_II&amp;quot;,GEOGCS[&amp;quot;GCS_Pulkovo_1942_Adj_1958&amp;quot;,DATUM[&amp;quot;D_Pulkovo_1942_Adj_1958&amp;quot;,SPHEROID[&amp;quot;Krasovsky_1940&amp;quot;,6378245.0,298.3]],PRIMEM[&amp;quot;Greenwich&amp;quot;,0.0],UNIT[&amp;quot;Degree&amp;quot;,0.0174532925199433]],PROJECTION[&amp;quot;Double_Stereographic&amp;quot;],PARAMETER[&amp;quot;False_Easting&amp;quot;,4603000.0],PARAMETER[&amp;quot;False_Northing&amp;quot;,5806000.0],PARAMETER[&amp;quot;Central_Meridian&amp;quot;,21.50277777777778],PARAMETER[&amp;quot;Scale_Factor&amp;quot;,0.9998],PARAMETER[&amp;quot;Latitude_Of_Origin&amp;quot;,53.00194444444445],UNIT[&amp;quot;Meter&amp;quot;,1.0],AUTHORITY[&amp;quot;EPSG&amp;quot;,2172]]&lt;/WKT&gt;&lt;XOrigin&gt;-26065700&lt;/XOrigin&gt;&lt;YOrigin&gt;-24937700&lt;/YOrigin&gt;&lt;XYScale&gt;146720474.19198814&lt;/XYScale&gt;&lt;ZOrigin&gt;-100000&lt;/ZOrigin&gt;&lt;ZScale&gt;10000&lt;/ZScale&gt;&lt;MOrigin&gt;-100000&lt;/MOrigin&gt;&lt;MScale&gt;10000&lt;/MScale&gt;&lt;XYTolerance&gt;0.001&lt;/XYTolerance&gt;&lt;ZTolerance&gt;0.001&lt;/ZTolerance&gt;&lt;MTolerance&gt;0.001&lt;/MTolerance&gt;&lt;HighPrecision&gt;true&lt;/HighPrecision&gt;&lt;WKID&gt;2172&lt;/WKID&gt;&lt;LatestWKID&gt;2172&lt;/LatestWKID&gt;&lt;/ProjectedCoordinateSystem&gt;</peXml></coordRef></DataProperties><SyncDate>20240311</SyncDate><SyncTime>13514400</SyncTime><ModDate>20240311</ModDate><ModTime>13514400</ModTime></Esri><dataIdInfo><envirDesc Sync="TRUE">Microsoft Windows 10 Version 10.0 (Build 22631) ; Esri ArcGIS 13.2.2.49743</envirDesc><dataLang><languageCode value="pol" Sync="TRUE"></languageCode><countryCode value="POL" Sync="TRUE"></countryCode></dataLang><idCitation><resTitle Sync="TRUE">wigry</resTitle><presForm><PresFormCd value="005" Sync="TRUE"></PresFormCd></presForm></idCitation><spatRpType><SpatRepTypCd value="001" Sync="TRUE"></SpatRepTypCd></spatRpType></dataIdInfo><mdLang><languageCode value="pol" Sync="TRUE"></languageCode><countryCode value="POL" Sync="TRUE"></countryCode></mdLang><distInfo><distFormat><formatName Sync="TRUE">Shapefile</formatName></distFormat><distTranOps><transSize Sync="TRUE">0.000</transSize></distTranOps></distInfo><mdHrLv><ScopeCd value="005" Sync="TRUE"></ScopeCd></mdHrLv><mdHrLvName Sync="TRUE">dataset</mdHrLvName><refSysInfo><RefSystem><refSysID><identCode code="2172" Sync="TRUE"></identCode><idCodeSpace Sync="TRUE">EPSG</idCodeSpace><idVersion Sync="TRUE">6.7(9.3.0.0)</idVersion></refSysID></RefSystem></refSysInfo><spatRepInfo><VectSpatRep><geometObjs Name="wigry"><geoObjTyp><GeoObjTypCd value="004" Sync="TRUE"></GeoObjTypCd></geoObjTyp><geoObjCnt Sync="TRUE">0</geoObjCnt></geometObjs><topLvl><TopoLevCd value="001" Sync="TRUE"></TopoLevCd></topLvl></VectSpatRep></spatRepInfo><spdoinfo><ptvctinf><esriterm Name="wigry"><efeatyp Sync="TRUE">Simple</efeatyp><efeageom code="1" Sync="TRUE"></efeageom><esritopo Sync="TRUE">FALSE</esritopo><efeacnt Sync="TRUE">0</efeacnt><spindex Sync="TRUE">FALSE</spindex><linrefer Sync="TRUE">FALSE</linrefer></esriterm></ptvctinf></spdoinfo><eainfo><detailed Name="wigry"><enttyp><enttypl Sync="TRUE">wigry</enttypl><enttypt Sync="TRUE">Feature Class</enttypt><enttypc Sync="TRUE">0</enttypc></enttyp><attr><attrlabl Sync="TRUE">FID</attrlabl><attalias Sync="TRUE">FID</attalias><attrtype Sync="TRUE">OID</attrtype><attwidth Sync="TRUE">4</attwidth><atprecis Sync="TRUE">0</atprecis><attscale Sync="TRUE">0</attscale><attrdef Sync="TRUE">Internal feature number.</attrdef><attrdefs Sync="TRUE">Esri</attrdefs><attrdomv><udom Sync="TRUE">Sequential unique whole numbers that are automatically generated.</udom></attrdomv></attr><attr><attrlabl Sync="TRUE">Shape</attrlabl><attalias Sync="TRUE">Shape</attalias><attrtype Sync="TRUE">Geometry</attrtype><attwidth Sync="TRUE">0</attwidth><atprecis Sync="TRUE">0</atprecis><attscale Sync="TRUE">0</attscale><attrdef Sync="TRUE">Feature geometry.</attrdef><attrdefs Sync="TRUE">Esri</attrdefs><attrdomv><udom Sync="TRUE">Coordinates defining the features.</udom></attrdomv></attr><attr><attrlabl Sync="TRUE">NR</attrlabl><attalias Sync="TRUE">NR</attalias><attrtype Sync="TRUE">Double</attrtype><attwidth Sync="TRUE">19</attwidth><atprecis Sync="TRUE">0</atprecis><attscale Sync="TRUE">0</attscale></attr><attr><attrlabl Sync="TRUE">X</attrlabl><attalias Sync="TRUE">X</attalias><attrtype Sync="TRUE">Double</attrtype><attwidth Sync="TRUE">19</attwidth><atprecis Sync="TRUE">0</atprecis><attscale Sync="TRUE">0</attscale></attr><attr><attrlabl Sync="TRUE">Y</attrlabl><attalias Sync="TRUE">Y</attalias><attrtype Sync="TRUE">Double</attrtype><attwidth Sync="TRUE">19</attwidth><atprecis Sync="TRUE">0</atprecis><attscale Sync="TRUE">0</attscale></attr><attr><attrlabl Sync="TRUE">Z</attrlabl><attalias Sync="TRUE">Z</attalias><attrtype Sync="TRUE">Double</attrtype><attwidth Sync="TRUE">19</attwidth><atprecis Sync="TRUE">0</atprecis><attscale Sync="TRUE">0</attscale></attr><attr><attrlabl Sync="TRUE">Zn</attrlabl><attalias Sync="TRUE">Zn</attalias><attrtype Sync="TRUE">Double</attrtype><attwidth Sync="TRUE">19</attwidth><atprecis Sync="TRUE">0</atprecis><attscale Sync="TRUE">0</attscale></attr><attr><attrlabl Sync="TRUE">Mn</attrlabl><attalias Sync="TRUE">Mn</attalias><attrtype Sync="TRUE">Double</attrtype><attwidth Sync="TRUE">19</attwidth><atprecis Sync="TRUE">0</atprecis><attscale Sync="TRUE">0</attscale></attr><attr><attrlabl Sync="TRUE">Cr</attrlabl><attalias Sync="TRUE">Cr</attalias><attrtype Sync="TRUE">Double</attrtype><attwidth Sync="TRUE">19</attwidth><atprecis Sync="TRUE">0</atprecis><attscale Sync="TRUE">0</attscale></attr><attr><attrlabl Sync="TRUE">Cd</attrlabl><attalias Sync="TRUE">Cd</attalias><attrtype Sync="TRUE">Double</attrtype><attwidth Sync="TRUE">19</attwidth><atprecis Sync="TRUE">0</atprecis><attscale Sync="TRUE">0</attscale></attr><attr><attrlabl Sync="TRUE">Cu</attrlabl><attalias Sync="TRUE">Cu</attalias><attrtype Sync="TRUE">Double</attrtype><attwidth Sync="TRUE">19</attwidth><atprecis Sync="TRUE">0</atprecis><attscale Sync="TRUE">0</attscale></attr><attr><attrlabl Sync="TRUE">Fe</attrlabl><attalias Sync="TRUE">Fe</attalias><attrtype Sync="TRUE">Double</attrtype><attwidth Sync="TRUE">19</attwidth><atprecis Sync="TRUE">0</atprecis><attscale Sync="TRUE">0</attscale></attr></detailed></eainfo><mdDateSt Sync="TRUE">20240311</mdDateSt></metadata>
