<metadata xml:lang="pl"><Esri><CreaDate>20240307</CreaDate><CreaTime>10405800</CreaTime><ArcGISFormat>1.0</ArcGISFormat><SyncOnce>FALSE</SyncOnce><DataProperties><lineage><Process ToolSource="c:\program files\arcgis\pro\Resources\ArcToolbox\toolboxes\Data Management Tools.tbx\CreateFeatureclass" Date="20240307" Time="104058">CreateFeatureclass "C:\Users\adamp\OneDrive\Pulpit\MGR\S1\Geostatystyka i analiza danych\Ćwiczenia\Projekt 1\Projekt1\Projekt1.gdb" Zn_XYTableToPoint Point GPLYR_{6AB768D4-BB26-40CB-8C8F-7C1D72D3513B} No No "PROJCS["Pulkovo_1942_Adj_1958_Poland_Zone_II",GEOGCS["GCS_Pulkovo_1942_Adj_1958",DATUM["D_Pulkovo_1942_Adj_1958",SPHEROID["Krasovsky_1940",6378245.0,298.3]],PRIMEM["Greenwich",0.0],UNIT["Degree",0.0174532925199433]],PROJECTION["Double_Stereographic"],PARAMETER["False_Easting",4603000.0],PARAMETER["False_Northing",5806000.0],PARAMETER["Central_Meridian",21.50277777777778],PARAMETER["Scale_Factor",0.9998],PARAMETER["Latitude_Of_Origin",53.00194444444445],UNIT["Meter",1.0]];-26065700 -24937700 146720474.191988;-100000 10000;-100000 10000;0.001;0.001;0.001;IsHighPrecision" # 0 0 0 # "Same as template"</Process><Process ToolSource="c:\program files\arcgis\pro\Resources\ArcToolbox\toolboxes\Data Management Tools.tbx\XYTableToPoint" Date="20240307" Time="104058">XYTableToPoint Zn$ "C:\Users\adamp\OneDrive\Pulpit\MGR\S1\Geostatystyka i analiza danych\Ćwiczenia\Projekt 1\Projekt1\Projekt1.gdb\Zn_XYTableToPoint" X Y # "PROJCS["Pulkovo_1942_Adj_1958_Poland_Zone_II",GEOGCS["GCS_Pulkovo_1942_Adj_1958",DATUM["D_Pulkovo_1942_Adj_1958",SPHEROID["Krasovsky_1940",6378245.0,298.3]],PRIMEM["Greenwich",0.0],UNIT["Degree",0.0174532925199433]],PROJECTION["Double_Stereographic"],PARAMETER["False_Easting",4603000.0],PARAMETER["False_Northing",5806000.0],PARAMETER["Central_Meridian",21.50277777777778],PARAMETER["Scale_Factor",0.9998],PARAMETER["Latitude_Of_Origin",53.00194444444445],UNIT["Meter",1.0]];-26065700 -24937700 146720474.191988;-100000 10000;-100000 10000;0.001;0.001;0.001;IsHighPrecision"</Process><Process ToolSource="c:\program files\arcgis\pro\Resources\ArcToolbox\toolboxes\Data Management Tools.tbx\JoinField" Date="20240310" Time="130249">JoinField Zn_table NR Pb_table NR # "Use field mapping" "Pb "Pb" true true false 8 Double 0 0,First,#,Pb_table,Pb,-1,-1" "Do not add indexes"</Process><Process ToolSource="c:\program files\arcgis\pro\Resources\ArcToolbox\toolboxes\Data Management Tools.tbx\JoinField" Date="20240310" Time="130405">JoinField Zn_table NR Mn_table NR # "Use field mapping" "Mn "Mn" true true false 8 Double 0 0,First,#,Mn_table,Mn,-1,-1" "Do not add indexes"</Process><Process ToolSource="c:\program files\arcgis\pro\Resources\ArcToolbox\toolboxes\Data Management Tools.tbx\JoinField" Date="20240310" Time="130432">JoinField Zn_table NR Cr_table NR # "Use field mapping" "Cr "Cr" true true false 8 Double 0 0,First,#,Cr_table,Cr,-1,-1" "Do not add indexes"</Process><Process ToolSource="c:\program files\arcgis\pro\Resources\ArcToolbox\toolboxes\Data Management Tools.tbx\JoinField" Date="20240310" Time="130530">JoinField Zn_table NR Cd_table NR # "Use field mapping" "Cd "Cd" true true false 8 Double 0 0,First,#,Cd_table,Cd,-1,-1" "Do not add indexes"</Process><Process ToolSource="c:\program files\arcgis\pro\Resources\ArcToolbox\toolboxes\Data Management Tools.tbx\JoinField" Date="20240310" Time="130546">JoinField Zn_table NR Cu_table NR # "Use field mapping" "Cu "Cu" true true false 8 Double 0 0,First,#,Cu_table,Cu,-1,-1" "Do not add indexes"</Process><Process ToolSource="c:\program files\arcgis\pro\Resources\ArcToolbox\toolboxes\Data Management Tools.tbx\JoinField" Date="20240310" Time="130613">JoinField Zn_table NR Fe_table NR # "Use field mapping" "Fe "Fe" true true false 8 Double 0 0,First,#,Fe_table,Fe,-1,-1" "Do not add indexes"</Process><Process ToolSource="c:\program files\arcgis\pro\Resources\ArcToolbox\Toolboxes\Data Management Tools.tbx\DeleteField" Date="20240311" Time="134233">DeleteField Wigry_all Pb "Delete Fields"</Process><Process ToolSource="c:\program files\arcgis\pro\Resources\ArcToolbox\toolboxes\Data Management Tools.tbx\AddField" Date="20240311" Time="135438">AddField GPLYR_{743C3657-10F3-42C3-8C7C-BA09657775F9} Zn_LOGARITHM "Double (64-bit floating point)" # # # Zn_LOGARITHM NULLABLE NON_REQUIRED #</Process><Process ToolSource="c:\program files\arcgis\pro\Resources\ArcToolbox\toolboxes\Data Management Tools.tbx\AddField" Date="20240311" Time="135439">AddField GPLYR_{1F9351D4-FFB8-45E8-9756-CC884E1A0783} Mn_LOGARITHM "Double (64-bit floating point)" # # # Mn_LOGARITHM NULLABLE NON_REQUIRED #</Process><Process ToolSource="c:\program files\arcgis\pro\Resources\ArcToolbox\toolboxes\Data Management Tools.tbx\AddField" Date="20240311" Time="135439">AddField GPLYR_{1A7E7CA3-6F89-433D-92CB-36A8783ECAFE} Cr_LOGARITHM "Double (64-bit floating point)" # # # Cr_LOGARITHM NULLABLE NON_REQUIRED #</Process><Process ToolSource="c:\program files\arcgis\pro\Resources\ArcToolbox\toolboxes\Data Management Tools.tbx\AddField" Date="20240311" Time="135440">AddField GPLYR_{EFAF141A-2171-4A78-A652-30F742EBD961} Cd_LOGARITHM "Double (64-bit floating point)" # # # Cd_LOGARITHM NULLABLE NON_REQUIRED #</Process><Process ToolSource="c:\program files\arcgis\pro\Resources\ArcToolbox\toolboxes\Data Management Tools.tbx\AddField" Date="20240311" Time="135440">AddField GPLYR_{ED95084B-D91B-43F2-A578-3C4163AD8D05} Cu_LOGARITHM "Double (64-bit floating point)" # # # Cu_LOGARITHM NULLABLE NON_REQUIRED #</Process><Process ToolSource="c:\program files\arcgis\pro\Resources\ArcToolbox\toolboxes\Data Management Tools.tbx\AddField" Date="20240311" Time="135441">AddField GPLYR_{98E1C900-6ED2-4EC7-810B-E7169A121C6E} Fe_LOGARITHM "Double (64-bit floating point)" # # # Fe_LOGARITHM NULLABLE NON_REQUIRED #</Process><Process ToolSource="c:\program files\arcgis\pro\Resources\ArcToolbox\toolboxes\Data Management Tools.tbx\TransformField" Date="20240311" Time="135441">TransformField Wigry_all "Zn Zn_LOGARITHM;Mn Mn_LOGARITHM;Cr Cr_LOGARITHM;Cd Cd_LOGARITHM;Cu Cu_LOGARITHM;Fe Fe_LOGARITHM" Log # #</Process><Process ToolSource="c:\program files\arcgis\pro\Resources\ArcToolbox\toolboxes\Data Management Tools.tbx\AddField" Date="20240311" Time="135700">AddField GPLYR_{2C710CF6-FDD6-4E60-A5FC-C3E18E9D78EB} Cd_SQUARE_ROOT "Double (64-bit floating point)" # # # Cd_SQUARE_ROOT NULLABLE NON_REQUIRED #</Process><Process ToolSource="c:\program files\arcgis\pro\Resources\ArcToolbox\toolboxes\Data Management Tools.tbx\TransformField" Date="20240311" Time="135700">TransformField Wigry_all "Cd Cd_SQUARE_ROOT" "Square root" # #</Process><Process ToolSource="c:\program files\arcgis\pro\Resources\ArcToolbox\toolboxes\Data Management Tools.tbx\UpdateSchema" Date="20240311" Time="141123">UpdateSchema "CIMDATA=&lt;CIMStandardDataConnection xsi:type='typens:CIMStandardDataConnection' xmlns:xsi='http://www.w3.org/2001/XMLSchema-instance' xmlns:xs='http://www.w3.org/2001/XMLSchema' xmlns:typens='http://www.esri.com/schemas/ArcGIS/3.2.0'&gt;&lt;WorkspaceConnectionString&gt;DATABASE=C:\Users\adamp\OneDrive\Pulpit\MGR\S1\Geostatystyka i analiza danych\Ćwiczenia\Projekt 1\Projekt1\Projekt1.gdb&lt;/WorkspaceConnectionString&gt;&lt;WorkspaceFactory&gt;FileGDB&lt;/WorkspaceFactory&gt;&lt;Dataset&gt;Zn_XYTableToPoint&lt;/Dataset&gt;&lt;DatasetType&gt;esriDTFeatureClass&lt;/DatasetType&gt;&lt;/CIMStandardDataConnection&gt;" &lt;operationSequence&gt;&lt;workflow&gt;&lt;AddField&gt;&lt;field_name&gt;NR_int&lt;/field_name&gt;&lt;field_type&gt;BIGINTEGER&lt;/field_type&gt;&lt;field_is_nullable&gt;True&lt;/field_is_nullable&gt;&lt;field_is_required&gt;False&lt;/field_is_required&gt;&lt;/AddField&gt;&lt;/workflow&gt;&lt;/operationSequence&gt;</Process><Process ToolSource="c:\program files\arcgis\pro\Resources\ArcToolbox\toolboxes\Data Management Tools.tbx\CalculateField" Date="20240311" Time="141248">CalculateField Wigry_all NR_int int(!NR!) Python # Text NO_ENFORCE_DOMAINS</Process><Process ToolSource="c:\program files\arcgis\pro\Resources\ArcToolbox\toolboxes\Conversion Tools.tbx\ExportFeatures" Date="20240311" Time="141350">ExportFeatures Wigry_all "C:\Users\adamp\OneDrive\Pulpit\MGR\S1\Geostatystyka i analiza danych\Ćwiczenia\Projekt 1\Projekt1\Projekt1.gdb\Wigry_all_OrdinaryLeastSquares" # NOT_USE_ALIAS "NR_int "NR_int" true true false 8 BigInteger 0 0,First,#,C:\Users\adamp\OneDrive\Pulpit\MGR\S1\Geostatystyka i analiza danych\Ćwiczenia\Projekt 1\Projekt1\Projekt1.gdb\Zn_XYTableToPoint,NR_int,-1,-1;Fe "Fe" true true false 8 Double 0 0,First,#,C:\Users\adamp\OneDrive\Pulpit\MGR\S1\Geostatystyka i analiza danych\Ćwiczenia\Projekt 1\Projekt1\Projekt1.gdb\Zn_XYTableToPoint,Fe,-1,-1;Mn_LOGARITHM "Mn_LOGARITHM" true true false 8 Double 0 0,First,#,C:\Users\adamp\OneDrive\Pulpit\MGR\S1\Geostatystyka i analiza danych\Ćwiczenia\Projekt 1\Projekt1\Projekt1.gdb\Zn_XYTableToPoint,Mn_LOGARITHM,-1,-1" #</Process><Process ToolSource="c:\program files\arcgis\pro\Resources\ArcToolbox\toolboxes\Spatial Statistics Tools.tbx\OrdinaryLeastSquares" Date="20240311" Time="141351">OrdinaryLeastSquares Wigry_all NR_int "C:\Users\adamp\OneDrive\Pulpit\MGR\S1\Geostatystyka i analiza danych\Ćwiczenia\Projekt 1\Projekt1\Projekt1.gdb\Wigry_all_OrdinaryLeastSquares" Fe Mn_LOGARITHM # # #</Process><Process ToolSource="c:\program files\arcgis\pro\Resources\ArcToolbox\toolboxes\Data Management Tools.tbx\DeleteField" Date="20240311" Time="144230">DeleteField Wigry_all_OrdinaryLeastSquares_copy NR_int "Delete Fields"</Process><Process ToolSource="c:\program files\arcgis\pro\Resources\ArcToolbox\toolboxes\Conversion Tools.tbx\ExportFeatures" Date="20240311" Time="144315">ExportFeatures Wigry_all_OrdinaryLeastSquares_copy "C:\Users\adamp\OneDrive\Pulpit\MGR\S1\Geostatystyka i analiza danych\Ćwiczenia\Projekt 1\Projekt1\data\wigry_ols.shp" # NOT_USE_ALIAS "Fe "Fe" true true false 8 Double 0 0,First,#,Wigry_all_OrdinaryLeastSquares_copy,Fe,-1,-1;Mn_LOGARITHM "Mn_LOGARITHM" true true false 8 Double 0 0,First,#,Wigry_all_OrdinaryLeastSquares_copy,Mn_LOGARITHM,-1,-1;Estimated "Estimated" true true false 8 Double 0 0,First,#,Wigry_all_OrdinaryLeastSquares_copy,Estimated,-1,-1;Residual "Residual" true true false 8 Double 0 0,First,#,Wigry_all_OrdinaryLeastSquares_copy,Residual,-1,-1;StdResid "StdResid" true true false 8 Double 0 0,First,#,Wigry_all_OrdinaryLeastSquares_copy,StdResid,-1,-1" #</Process></lineage><Charts><Chart>&lt;CIMChart xsi:type='typens:CIMChart' xmlns:xsi='http://www.w3.org/2001/XMLSchema-instance' xmlns:xs='http://www.w3.org/2001/XMLSchema' xmlns:typens='http://www.esri.com/schemas/ArcGIS/3.2.0'&gt;&lt;Name&gt;Histogram Cd_SQUARE_ROOT&lt;/Name&gt;&lt;Series xsi:type='typens:ArrayOfCIMChartSeries'&gt;&lt;CIMChartSeries xsi:type='typens:CIMChartHistogramSeries'&gt;&lt;Name&gt;Series0&lt;/Name&gt;&lt;UniqueName&gt;Series0&lt;/UniqueName&gt;&lt;Fields xsi:type='typens:ArrayOfString'&gt;&lt;String&gt;Cd_SQUARE_ROOT&lt;/String&gt;&lt;/Fields&gt;&lt;OrderFields xsi:type='typens:ArrayOfString'&gt;&lt;/OrderFields&gt;&lt;GroupFields xsi:type='typens:ArrayOfString'&gt;&lt;/GroupFields&gt;&lt;ShowLabels&gt;false&lt;/ShowLabels&gt;&lt;HorizontalAxis&gt;0&lt;/HorizontalAxis&gt;&lt;VerticalAxis&gt;1&lt;/VerticalAxis&gt;&lt;ColorType&gt;SingleColor&lt;/ColorType&gt;&lt;FieldAggregation xsi:type='typens:ArrayOfString'&gt;&lt;/FieldAggregation&gt;&lt;OrderFieldsSortTypes xsi:type='typens:ArrayOfInt'&gt;&lt;/OrderFieldsSortTypes&gt;&lt;Visible&gt;true&lt;/Visible&gt;&lt;MultiSeries&gt;false&lt;/MultiSeries&gt;&lt;BinCount&gt;0&lt;/BinCount&gt;&lt;ShowMean&gt;true&lt;/ShowMean&gt;&lt;ShowMedian&gt;false&lt;/ShowMedian&gt;&lt;ShowStandardDeviation&gt;false&lt;/ShowStandardDeviation&gt;&lt;FillSymbolProperties xsi:type='typens:CIMChartFillSymbolProperties'&gt;&lt;Color xsi:type='typens:CIMRGBColor'&gt;&lt;Values xsi:type='typens:ArrayOfDouble'&gt;&lt;Double&gt;166&lt;/Double&gt;&lt;Double&gt;206&lt;/Double&gt;&lt;Double&gt;227&lt;/Double&gt;&lt;Double&gt;70&lt;/Double&gt;&lt;/Values&gt;&lt;/Color&gt;&lt;Opacity&gt;0&lt;/Opacity&gt;&lt;Visible&gt;true&lt;/Visible&gt;&lt;/FillSymbolProperties&gt;&lt;MeanLineSymbolProperties xsi:type='typens:CIMChartLineSymbolProperties'&gt;&lt;Visible&gt;true&lt;/Visible&gt;&lt;Width&gt;2&lt;/Width&gt;&lt;Style&gt;Solid&lt;/Style&gt;&lt;Color xsi:type='typens:CIMRGBColor'&gt;&lt;Values xsi:type='typens:ArrayOfDouble'&gt;&lt;Double&gt;0&lt;/Double&gt;&lt;Double&gt;92&lt;/Double&gt;&lt;Double&gt;230&lt;/Double&gt;&lt;Double&gt;100&lt;/Double&gt;&lt;/Values&gt;&lt;/Color&gt;&lt;/MeanLineSymbolProperties&gt;&lt;MedianLineSymbolProperties xsi:type='typens:CIMChartLineSymbolProperties'&gt;&lt;Visible&gt;true&lt;/Visible&gt;&lt;Width&gt;2&lt;/Width&gt;&lt;Style&gt;Solid&lt;/Style&gt;&lt;Color xsi:type='typens:CIMRGBColor'&gt;&lt;Values xsi:type='typens:ArrayOfDouble'&gt;&lt;Double&gt;132&lt;/Double&gt;&lt;Double&gt;0&lt;/Double&gt;&lt;Double&gt;168&lt;/Double&gt;&lt;Double&gt;100&lt;/Double&gt;&lt;/Values&gt;&lt;/Color&gt;&lt;/MedianLineSymbolProperties&gt;&lt;StandardDeviationLineSymbolProperties xsi:type='typens:CIMChartLineSymbolProperties'&gt;&lt;Visible&gt;true&lt;/Visible&gt;&lt;Width&gt;2&lt;/Width&gt;&lt;Style&gt;Solid&lt;/Style&gt;&lt;Color xsi:type='typens:CIMRGBColor'&gt;&lt;Values xsi:type='typens:ArrayOfDouble'&gt;&lt;Double&gt;156&lt;/Double&gt;&lt;Double&gt;156&lt;/Double&gt;&lt;Double&gt;156&lt;/Double&gt;&lt;Double&gt;100&lt;/Double&gt;&lt;/Values&gt;&lt;/Color&gt;&lt;/StandardDeviationLineSymbolProperties&gt;&lt;ShowComparisonDistribution&gt;true&lt;/ShowComparisonDistribution&gt;&lt;DataTransformationType&gt;None&lt;/DataTransformationType&gt;&lt;DataTransformationParameters xsi:type='typens:ArrayOfDouble'&gt;&lt;/DataTransformationParameters&gt;&lt;DistributionLineSymbolProperties xsi:type='typens:CIMChartLineSymbolProperties'&gt;&lt;Visible&gt;true&lt;/Visible&gt;&lt;Width&gt;2&lt;/Width&gt;&lt;Style&gt;Solid&lt;/Style&gt;&lt;Color xsi:type='typens:CIMRGBColor'&gt;&lt;Values xsi:type='typens:ArrayOfDouble'&gt;&lt;Double&gt;104&lt;/Double&gt;&lt;Double&gt;104&lt;/Double&gt;&lt;Double&gt;104&lt;/Double&gt;&lt;Double&gt;100&lt;/Double&gt;&lt;/Values&gt;&lt;/Color&gt;&lt;/DistributionLineSymbolProperties&gt;&lt;/CIMChartSeries&gt;&lt;/Series&gt;&lt;GeneralProperties xsi:type='typens:CIMChartGeneralProperties'&gt;&lt;Title&gt;Distribution of Cd_SQUARE_ROOT&lt;/Title&gt;&lt;ShowTitle&gt;true&lt;/ShowTitle&gt;&lt;UseAutomaticTitle&gt;false&lt;/UseAutomaticTitle&gt;&lt;ShowSubTitle&gt;true&lt;/ShowSubTitle&gt;&lt;ShowFooter&gt;true&lt;/ShowFooter&gt;&lt;TitleText xsi:type='typens:CIMChartTextProperties'&gt;&lt;FontFillColor xsi:type='typens:CIMRGBColor'&gt;&lt;Values xsi:type='typens:ArrayOfDouble'&gt;&lt;Double&gt;68&lt;/Double&gt;&lt;Double&gt;68&lt;/Double&gt;&lt;Double&gt;68&lt;/Double&gt;&lt;Double&gt;100&lt;/Double&gt;&lt;/Values&gt;&lt;/FontFillColor&gt;&lt;FontFamilyName&gt;Tahoma&lt;/FontFamilyName&gt;&lt;FontItalic&gt;false&lt;/FontItalic&gt;&lt;FontSize&gt;16&lt;/FontSize&gt;&lt;FontWeight&gt;Normal&lt;/FontWeight&gt;&lt;TextCase&gt;Normal&lt;/TextCase&gt;&lt;TextUnderline&gt;false&lt;/TextUnderline&gt;&lt;TextStrikethrough&gt;false&lt;/TextStrikethrough&gt;&lt;TextOverline&gt;false&lt;/TextOverline&gt;&lt;Visible&gt;true&lt;/Visible&gt;&lt;/TitleText&gt;&lt;SubTitleText xsi:type='typens:CIMChartTextProperties'&gt;&lt;FontFillColor xsi:type='typens:CIMRGBColor'&gt;&lt;Values xsi:type='typens:ArrayOfDouble'&gt;&lt;Double&gt;68&lt;/Double&gt;&lt;Double&gt;68&lt;/Double&gt;&lt;Double&gt;68&lt;/Double&gt;&lt;Double&gt;100&lt;/Double&gt;&lt;/Values&gt;&lt;/FontFillColor&gt;&lt;FontFamilyName&gt;Tahoma&lt;/FontFamilyName&gt;&lt;FontItalic&gt;false&lt;/FontItalic&gt;&lt;FontSize&gt;12&lt;/FontSize&gt;&lt;FontWeight&gt;Normal&lt;/FontWeight&gt;&lt;TextCase&gt;Normal&lt;/TextCase&gt;&lt;TextUnderline&gt;false&lt;/TextUnderline&gt;&lt;TextStrikethrough&gt;false&lt;/TextStrikethrough&gt;&lt;TextOverline&gt;false&lt;/TextOverline&gt;&lt;Visible&gt;true&lt;/Visible&gt;&lt;/SubTitleText&gt;&lt;FooterText xsi:type='typens:CIMChartTextProperties'&gt;&lt;FontFillColor xsi:type='typens:CIMRGBColor'&gt;&lt;Values xsi:type='typens:ArrayOfDouble'&gt;&lt;Double&gt;68&lt;/Double&gt;&lt;Double&gt;68&lt;/Double&gt;&lt;Double&gt;68&lt;/Double&gt;&lt;Double&gt;100&lt;/Double&gt;&lt;/Values&gt;&lt;/FontFillColor&gt;&lt;FontFamilyName&gt;Tahoma&lt;/FontFamilyName&gt;&lt;FontItalic&gt;false&lt;/FontItalic&gt;&lt;FontSize&gt;12&lt;/FontSize&gt;&lt;FontWeight&gt;Normal&lt;/FontWeight&gt;&lt;TextCase&gt;Normal&lt;/TextCase&gt;&lt;TextUnderline&gt;false&lt;/TextUnderline&gt;&lt;TextStrikethrough&gt;false&lt;/TextStrikethrough&gt;&lt;TextOverline&gt;false&lt;/TextOverline&gt;&lt;Visible&gt;true&lt;/Visible&gt;&lt;/FooterText&gt;&lt;BackgroundSymbolProperties xsi:type='typens:CIMChartFillSymbolProperties'&gt;&lt;Color xsi:type='typens:CIMRGBColor'&gt;&lt;Values xsi:type='typens:ArrayOfDouble'&gt;&lt;Double&gt;255&lt;/Double&gt;&lt;Double&gt;255&lt;/Double&gt;&lt;Double&gt;255&lt;/Double&gt;&lt;Double&gt;100&lt;/Double&gt;&lt;/Values&gt;&lt;/Color&gt;&lt;Opacity&gt;0&lt;/Opacity&gt;&lt;Visible&gt;true&lt;/Visible&gt;&lt;/BackgroundSymbolProperties&gt;&lt;GridLineSymbolProperties xsi:type='typens:CIMChartLineSymbolProperties'&gt;&lt;Visible&gt;true&lt;/Visible&gt;&lt;Width&gt;1&lt;/Width&gt;&lt;Style&gt;Solid&lt;/Style&gt;&lt;Color xsi:type='typens:CIMRGBColor'&gt;&lt;Values xsi:type='typens:ArrayOfDouble'&gt;&lt;Double&gt;225&lt;/Double&gt;&lt;Double&gt;225&lt;/Double&gt;&lt;Double&gt;225&lt;/Double&gt;&lt;Double&gt;100&lt;/Double&gt;&lt;/Values&gt;&lt;/Color&gt;&lt;/GridLineSymbolProperties&gt;&lt;/GeneralProperties&gt;&lt;Legend xsi:type='typens:CIMChartLegend'&gt;&lt;Visible&gt;true&lt;/Visible&gt;&lt;ShowTitle&gt;true&lt;/ShowTitle&gt;&lt;Alignment&gt;Right&lt;/Alignment&gt;&lt;LegendText xsi:type='typens:CIMChartTextProperties'&gt;&lt;FontFillColor xsi:type='typens:CIMRGBColor'&gt;&lt;Values xsi:type='typens:ArrayOfDouble'&gt;&lt;Double&gt;68&lt;/Double&gt;&lt;Double&gt;68&lt;/Double&gt;&lt;Double&gt;68&lt;/Double&gt;&lt;Double&gt;100&lt;/Double&gt;&lt;/Values&gt;&lt;/FontFillColor&gt;&lt;FontFamilyName&gt;Tahoma&lt;/FontFamilyName&gt;&lt;FontItalic&gt;false&lt;/FontItalic&gt;&lt;FontSize&gt;10&lt;/FontSize&gt;&lt;FontWeight&gt;Normal&lt;/FontWeight&gt;&lt;TextCase&gt;Normal&lt;/TextCase&gt;&lt;TextUnderline&gt;false&lt;/TextUnderline&gt;&lt;TextStrikethrough&gt;false&lt;/TextStrikethrough&gt;&lt;TextOverline&gt;false&lt;/TextOverline&gt;&lt;Visible&gt;true&lt;/Visible&gt;&lt;/LegendText&gt;&lt;LegendTitle xsi:type='typens:CIMChartTextProperties'&gt;&lt;FontFillColor xsi:type='typens:CIMRGBColor'&gt;&lt;Values xsi:type='typens:ArrayOfDouble'&gt;&lt;Double&gt;68&lt;/Double&gt;&lt;Double&gt;68&lt;/Double&gt;&lt;Double&gt;68&lt;/Double&gt;&lt;Double&gt;100&lt;/Double&gt;&lt;/Values&gt;&lt;/FontFillColor&gt;&lt;FontFamilyName&gt;Tahoma&lt;/FontFamilyName&gt;&lt;FontItalic&gt;false&lt;/FontItalic&gt;&lt;FontSize&gt;10.800000000000001&lt;/FontSize&gt;&lt;FontWeight&gt;Normal&lt;/FontWeight&gt;&lt;TextCase&gt;Normal&lt;/TextCase&gt;&lt;TextUnderline&gt;false&lt;/TextUnderline&gt;&lt;TextStrikethrough&gt;false&lt;/TextStrikethrough&gt;&lt;TextOverline&gt;false&lt;/TextOverline&gt;&lt;Visible&gt;true&lt;/Visible&gt;&lt;/LegendTitle&gt;&lt;/Legend&gt;&lt;Axes xsi:type='typens:ArrayOfCIMChartAxis'&gt;&lt;CIMChartAxis xsi:type='typens:CIMChartAxis'&gt;&lt;Visible&gt;true&lt;/Visible&gt;&lt;IsLogarithmic&gt;false&lt;/IsLogarithmic&gt;&lt;Title&gt;Values&lt;/Title&gt;&lt;ShowTitle&gt;true&lt;/ShowTitle&gt;&lt;UseAutomaticTitle&gt;false&lt;/UseAutomaticTitle&gt;&lt;ValueFormat&gt;N2&lt;/ValueFormat&gt;&lt;DateTimeFormat&gt;dd.MM.yyyy&lt;/DateTimeFormat&gt;&lt;CalculateAutomaticMinimum&gt;true&lt;/CalculateAutomaticMinimum&gt;&lt;CalculateAutomaticMaximum&gt;true&lt;/CalculateAutomaticMaximum&gt;&lt;Minimum&gt;&lt;/Minimum&gt;&lt;Maximum&gt;&lt;/Maximum&gt;&lt;TitleText xsi:type='typens:CIMChartTextProperties'&gt;&lt;FontFillColor xsi:type='typens:CIMRGBColor'&gt;&lt;Values xsi:type='typens:ArrayOfDouble'&gt;&lt;Double&gt;68&lt;/Double&gt;&lt;Double&gt;68&lt;/Double&gt;&lt;Double&gt;68&lt;/Double&gt;&lt;Double&gt;100&lt;/Double&gt;&lt;/Values&gt;&lt;/FontFillColor&gt;&lt;FontFamilyName&gt;Tahoma&lt;/FontFamilyName&gt;&lt;FontItalic&gt;false&lt;/FontItalic&gt;&lt;FontSize&gt;12&lt;/FontSize&gt;&lt;FontWeight&gt;Normal&lt;/FontWeight&gt;&lt;TextCase&gt;Normal&lt;/TextCase&gt;&lt;TextUnderline&gt;false&lt;/TextUnderline&gt;&lt;TextStrikethrough&gt;false&lt;/TextStrikethrough&gt;&lt;TextOverline&gt;false&lt;/TextOverline&gt;&lt;Visible&gt;true&lt;/Visible&gt;&lt;/TitleText&gt;&lt;LabelText xsi:type='typens:CIMChartTextProperties'&gt;&lt;FontFillColor xsi:type='typens:CIMRGBColor'&gt;&lt;Values xsi:type='typens:ArrayOfDouble'&gt;&lt;Double&gt;68&lt;/Double&gt;&lt;Double&gt;68&lt;/Double&gt;&lt;Double&gt;68&lt;/Double&gt;&lt;Double&gt;100&lt;/Double&gt;&lt;/Values&gt;&lt;/FontFillColor&gt;&lt;FontFamilyName&gt;Tahoma&lt;/FontFamilyName&gt;&lt;FontItalic&gt;false&lt;/FontItalic&gt;&lt;FontSize&gt;10&lt;/FontSize&gt;&lt;FontWeight&gt;Normal&lt;/FontWeight&gt;&lt;TextCase&gt;Normal&lt;/TextCase&gt;&lt;TextUnderline&gt;false&lt;/TextUnderline&gt;&lt;TextStrikethrough&gt;false&lt;/TextStrikethrough&gt;&lt;TextOverline&gt;false&lt;/TextOverline&gt;&lt;Visible&gt;true&lt;/Visible&gt;&lt;/LabelText&gt;&lt;LabelCharacterLimit&gt;11&lt;/LabelCharacterLimit&gt;&lt;ZoomStartPosition&gt;0&lt;/ZoomStartPosition&gt;&lt;ZoomEndPosition&gt;1&lt;/ZoomEndPosition&gt;&lt;Inverted&gt;false&lt;/Inverted&gt;&lt;LabelAngle&gt;0&lt;/LabelAngle&gt;&lt;UseAutomaticLabelAngle&gt;true&lt;/UseAutomaticLabelAngle&gt;&lt;/CIMChartAxis&gt;&lt;CIMChartAxis xsi:type='typens:CIMChartAxis'&gt;&lt;Visible&gt;true&lt;/Visible&gt;&lt;IsLogarithmic&gt;false&lt;/IsLogarithmic&gt;&lt;Title&gt;Count&lt;/Title&gt;&lt;ShowTitle&gt;true&lt;/ShowTitle&gt;&lt;UseAutomaticTitle&gt;false&lt;/UseAutomaticTitle&gt;&lt;ValueFormat&gt;N2&lt;/ValueFormat&gt;&lt;DateTimeFormat&gt;dd.MM.yyyy&lt;/DateTimeFormat&gt;&lt;CalculateAutomaticMinimum&gt;true&lt;/CalculateAutomaticMinimum&gt;&lt;CalculateAutomaticMaximum&gt;true&lt;/CalculateAutomaticMaximum&gt;&lt;Minimum&gt;&lt;/Minimum&gt;&lt;Maximum&gt;&lt;/Maximum&gt;&lt;TitleText xsi:type='typens:CIMChartTextProperties'&gt;&lt;FontFillColor xsi:type='typens:CIMRGBColor'&gt;&lt;Values xsi:type='typens:ArrayOfDouble'&gt;&lt;Double&gt;68&lt;/Double&gt;&lt;Double&gt;68&lt;/Double&gt;&lt;Double&gt;68&lt;/Double&gt;&lt;Double&gt;100&lt;/Double&gt;&lt;/Values&gt;&lt;/FontFillColor&gt;&lt;FontFamilyName&gt;Tahoma&lt;/FontFamilyName&gt;&lt;FontItalic&gt;false&lt;/FontItalic&gt;&lt;FontSize&gt;12&lt;/FontSize&gt;&lt;FontWeight&gt;Normal&lt;/FontWeight&gt;&lt;TextCase&gt;Normal&lt;/TextCase&gt;&lt;TextUnderline&gt;false&lt;/TextUnderline&gt;&lt;TextStrikethrough&gt;false&lt;/TextStrikethrough&gt;&lt;TextOverline&gt;false&lt;/TextOverline&gt;&lt;Visible&gt;true&lt;/Visible&gt;&lt;/TitleText&gt;&lt;LabelText xsi:type='typens:CIMChartTextProperties'&gt;&lt;FontFillColor xsi:type='typens:CIMRGBColor'&gt;&lt;Values xsi:type='typens:ArrayOfDouble'&gt;&lt;Double&gt;68&lt;/Double&gt;&lt;Double&gt;68&lt;/Double&gt;&lt;Double&gt;68&lt;/Double&gt;&lt;Double&gt;100&lt;/Double&gt;&lt;/Values&gt;&lt;/FontFillColor&gt;&lt;FontFamilyName&gt;Tahoma&lt;/FontFamilyName&gt;&lt;FontItalic&gt;false&lt;/FontItalic&gt;&lt;FontSize&gt;10&lt;/FontSize&gt;&lt;FontWeight&gt;Normal&lt;/FontWeight&gt;&lt;TextCase&gt;Normal&lt;/TextCase&gt;&lt;TextUnderline&gt;false&lt;/TextUnderline&gt;&lt;TextStrikethrough&gt;false&lt;/TextStrikethrough&gt;&lt;TextOverline&gt;false&lt;/TextOverline&gt;&lt;Visible&gt;true&lt;/Visible&gt;&lt;/LabelText&gt;&lt;LabelCharacterLimit&gt;11&lt;/LabelCharacterLimit&gt;&lt;ZoomStartPosition&gt;0&lt;/ZoomStartPosition&gt;&lt;ZoomEndPosition&gt;1&lt;/ZoomEndPosition&gt;&lt;Inverted&gt;false&lt;/Inverted&gt;&lt;LabelAngle&gt;0&lt;/LabelAngle&gt;&lt;UseAutomaticLabelAngle&gt;true&lt;/UseAutomaticLabelAngle&gt;&lt;/CIMChartAxis&gt;&lt;/Axes&gt;&lt;MapSelectionHandling&gt;Highlight&lt;/MapSelectionHandling&gt;&lt;EnableServerSideProcessing&gt;false&lt;/EnableServerSideProcessing&gt;&lt;/CIMChart&gt;</Chart></Charts><itemProps><itemName Sync="TRUE">wigry_ols</itemName><imsContentType Sync="TRUE">002</imsContentType><itemLocation><linkage Sync="TRUE">file://\\ASUS\C$\Users\adamp\OneDrive\Pulpit\MGR\S1\Geostatystyka i analiza danych\Ćwiczenia\Projekt 1\Projekt1\data\wigry_ols.shp</linkage><protocol Sync="TRUE">Local Area Network</protocol></itemLocation><itemSize Sync="TRUE">0.000</itemSize></itemProps><coordRef><type Sync="TRUE">Projected</type><geogcsn Sync="TRUE">GCS_Pulkovo_1942_Adj_1958</geogcsn><csUnits Sync="TRUE">Linear Unit: Meter (1.000000)</csUnits><projcsn Sync="TRUE">Pulkovo_1942_Adj_1958_Poland_Zone_II</projcsn><peXml Sync="TRUE">&lt;ProjectedCoordinateSystem xsi:type='typens:ProjectedCoordinateSystem' xmlns:xsi='http://www.w3.org/2001/XMLSchema-instance' xmlns:xs='http://www.w3.org/2001/XMLSchema' xmlns:typens='http://www.esri.com/schemas/ArcGIS/3.2.0'&gt;&lt;WKT&gt;PROJCS[&amp;quot;Pulkovo_1942_Adj_1958_Poland_Zone_II&amp;quot;,GEOGCS[&amp;quot;GCS_Pulkovo_1942_Adj_1958&amp;quot;,DATUM[&amp;quot;D_Pulkovo_1942_Adj_1958&amp;quot;,SPHEROID[&amp;quot;Krasovsky_1940&amp;quot;,6378245.0,298.3]],PRIMEM[&amp;quot;Greenwich&amp;quot;,0.0],UNIT[&amp;quot;Degree&amp;quot;,0.0174532925199433]],PROJECTION[&amp;quot;Double_Stereographic&amp;quot;],PARAMETER[&amp;quot;False_Easting&amp;quot;,4603000.0],PARAMETER[&amp;quot;False_Northing&amp;quot;,5806000.0],PARAMETER[&amp;quot;Central_Meridian&amp;quot;,21.50277777777778],PARAMETER[&amp;quot;Scale_Factor&amp;quot;,0.9998],PARAMETER[&amp;quot;Latitude_Of_Origin&amp;quot;,53.00194444444445],UNIT[&amp;quot;Meter&amp;quot;,1.0],AUTHORITY[&amp;quot;EPSG&amp;quot;,2172]]&lt;/WKT&gt;&lt;XOrigin&gt;-26065700&lt;/XOrigin&gt;&lt;YOrigin&gt;-24937700&lt;/YOrigin&gt;&lt;XYScale&gt;146720474.19198814&lt;/XYScale&gt;&lt;ZOrigin&gt;-100000&lt;/ZOrigin&gt;&lt;ZScale&gt;10000&lt;/ZScale&gt;&lt;MOrigin&gt;-100000&lt;/MOrigin&gt;&lt;MScale&gt;10000&lt;/MScale&gt;&lt;XYTolerance&gt;0.001&lt;/XYTolerance&gt;&lt;ZTolerance&gt;0.001&lt;/ZTolerance&gt;&lt;MTolerance&gt;0.001&lt;/MTolerance&gt;&lt;HighPrecision&gt;true&lt;/HighPrecision&gt;&lt;WKID&gt;2172&lt;/WKID&gt;&lt;LatestWKID&gt;2172&lt;/LatestWKID&gt;&lt;/ProjectedCoordinateSystem&gt;</peXml></coordRef><LayerFile>{"type":"CIMLayerDocument","version":"3.2.0","build":49743,"layers":["CIMPATH=Mapa/6df78a6a9f8d461898a73b1c0a0624e7.json"],"layerDefinitions":[{"type":"CIMFeatureLayer","name":"Wigry_all_OrdinaryLeastSquares","uRI":"CIMPATH=Mapa/6df78a6a9f8d461898a73b1c0a0624e7.json","sourceModifiedTime":{"type":"TimeInstant"},"useSourceMetadata":true,"description":"Zn_XYTableToPoint","layerElevation":{"type":"CIMLayerElevationSurface","elevationSurfaceLayerURI":"CIMPATH=25e5f778845c48c4a28570c1ad817736.json"},"expanded":true,"layerType":"Operational","showLegends":true,"visibility":true,"displayCacheType":"Permanent","maxDisplayCacheAge":5,"showPopups":true,"serviceLayerID":-1,"refreshRate":-1,"refreshRateUnit":"esriTimeUnitsSeconds","blendingMode":"Alpha","allowDrapingOnIntegratedMesh":true,"autoGenerateFeatureTemplates":true,"featureElevationExpression":"0","featureTable":{"type":"CIMFeatureTable","displayField":"NR","editable":true,"dataConnection":{"type":"CIMStandardDataConnection"},"studyAreaSpatialRel":"esriSpatialRelUndefined","searchOrder":"esriSearchOrderSpatial"},"htmlPopupEnabled":true,"htmlPopupFormat":{"type":"CIMHtmlPopupFormat","htmlUseCodedDomainValues":true,"htmlPresentationStyle":"TwoColumnTable"},"isFlattened":true,"selectable":true,"featureCacheType":"Session","displayFiltersType":"ByScale","featureBlendingMode":"Alpha","labelClasses":[{"type":"CIMLabelClass","expression":"[MYID]","expressionEngine":"VBScript","featuresToLabel":"AllVisibleFeatures","maplexLabelPlacementProperties":{"type":"CIMMaplexLabelPlacementProperties","featureType":"Line","avoidPolygonHoles":true,"canOverrunFeature":true,"canPlaceLabelOutsidePolygon":true,"canRemoveOverlappingLabel":true,"canStackLabel":true,"centerLabelAnchorType":"Symbol","connectionType":"Unambiguous","constrainOffset":"NoConstraint","contourAlignmentType":"Page","contourLadderType":"Straight","contourMaximumAngle":90,"enableConnection":true,"featureWeight":100,"fontHeightReductionLimit":4,"fontHeightReductionStep":0.5,"fontWidthReductionLimit":90,"fontWidthReductionStep":5,"graticuleAlignmentType":"Straight","labelBuffer":15,"labelLargestPolygon":true,"labelPriority":-1,"labelStackingProperties":{"type":"CIMMaplexLabelStackingProperties","stackAlignment":"ChooseBest","maximumNumberOfLines":3,"minimumNumberOfCharsPerLine":3,"maximumNumberOfCharsPerLine":24,"trimStackingSeparators":true},"lineFeatureType":"General","linePlacementMethod":"OffsetCurvedFromLine","maximumLabelOverrun":36,"maximumLabelOverrunUnit":"Point","measureFromClippedFeatureGeometry":true,"minimumFeatureSizeUnit":"Map","multiPartOption":"OneLabelPerPart","offsetAlongLineProperties":{"type":"CIMMaplexOffsetAlongLineProperties","placementMethod":"BestPositionAlongLine","labelAnchorPoint":"CenterOfLabel","distanceUnit":"Percentage","useLineDirection":true},"pointExternalZonePriorities":{"type":"CIMMaplexExternalZonePriorities","aboveLeft":4,"aboveCenter":2,"aboveRight":1,"centerRight":3,"belowRight":5,"belowCenter":7,"belowLeft":8,"centerLeft":6},"pointPlacementMethod":"AroundPoint","polygonAnchorPointType":"GeometricCenter","polygonBoundaryWeight":200,"polygonExternalZones":{"type":"CIMMaplexExternalZonePriorities","aboveLeft":4,"aboveCenter":2,"aboveRight":1,"centerRight":3,"belowRight":5,"belowCenter":7,"belowLeft":8,"centerLeft":6},"polygonFeatureType":"General","polygonInternalZones":{"type":"CIMMaplexInternalZonePriorities","center":1},"polygonPlacementMethod":"CurvedInPolygon","primaryOffset":1,"primaryOffsetUnit":"Point","removeAmbiguousLabels":"All","removeExtraWhiteSpace":true,"repetitionIntervalUnit":"Map","rotationProperties":{"type":"CIMMaplexRotationProperties","rotationType":"Arithmetic","alignmentType":"Straight"},"secondaryOffset":100,"secondaryOffsetUnit":"Percentage","strategyPriorities":{"type":"CIMMaplexStrategyPriorities","stacking":1,"overrun":2,"fontCompression":3,"fontReduction":4,"abbreviation":5},"thinningDistanceUnit":"Map","truncationMarkerCharacter":".","truncationMinimumLength":1,"truncationPreferredCharacters":"aeiou","polygonAnchorPointPerimeterInsetUnit":"Point"},"name":"Default","priority":-1,"standardLabelPlacementProperties":{"type":"CIMStandardLabelPlacementProperties","featureType":"Line","featureWeight":"None","labelWeight":"High","numLabelsOption":"OneLabelPerName","lineLabelPosition":{"type":"CIMStandardLineLabelPosition","above":true,"inLine":true,"parallel":true},"lineLabelPriorities":{"type":"CIMStandardLineLabelPriorities","aboveStart":3,"aboveAlong":3,"aboveEnd":3,"centerStart":3,"centerAlong":3,"centerEnd":3,"belowStart":3,"belowAlong":3,"belowEnd":3},"pointPlacementMethod":"AroundPoint","pointPlacementPriorities":{"type":"CIMStandardPointPlacementPriorities","aboveLeft":2,"aboveCenter":2,"aboveRight":1,"centerLeft":3,"centerRight":2,"belowLeft":3,"belowCenter":3,"belowRight":2},"rotationType":"Arithmetic","polygonPlacementMethod":"AlwaysHorizontal"},"textSymbol":{"type":"CIMSymbolReference","symbol":{"type":"CIMTextSymbol","blockProgression":"TTB","compatibilityMode":true,"depth3D":1,"drawSoftHyphen":true,"extrapolateBaselines":true,"flipAngle":90,"fontEffects":"Normal","fontEncoding":"Unicode","fontFamilyName":"Arial","fontStyleName":"Regular","fontType":"Unspecified","haloSize":1,"height":8,"hinting":"Default","horizontalAlignment":"Center","kerning":true,"letterWidth":100,"ligatures":true,"lineGapType":"ExtraLeading","shadowColor":{"type":"CIMRGBColor","values":[0,0,0,100]},"symbol":{"type":"CIMPolygonSymbol","symbolLayers":[{"type":"CIMSolidFill","enable":true,"color":{"type":"CIMRGBColor","values":[0,0,0,100]}}],"angleAlignment":"Map"},"textCase":"Normal","textDirection":"LTR","verticalAlignment":"Bottom","verticalGlyphOrientation":"Right","wordSpacing":100,"billboardMode3D":"FaceNearPlane"}},"useCodedValue":true,"visibility":true,"iD":-1}],"renderer":{"type":"CIMClassBreaksRenderer","barrierWeight":"None","classBreakType":"GraduatedColor","colorRamp":{"type":"CIMMultipartColorRamp","colorRamps":[{"type":"CIMLinearContinuousColorRamp","colorSpace":{"type":"CIMICCColorSpace","url":"CIELAB"},"fromColor":{"type":"CIMLABColor","values":[55.541695509605077,-1.1449314297332647,-34.505914120063544,100]},"toColor":{"type":"CIMLABColor","values":[98.682614916117672,-7.7588099004781146,23.811935632576752,100]}},{"type":"CIMLinearContinuousColorRamp","colorSpace":{"type":"CIMICCColorSpace","url":"CIELAB"},"fromColor":{"type":"CIMLABColor","values":[98.682614916117672,-7.7588099004781146,23.811935632576752,100]},"toColor":{"type":"CIMLABColor","values":[53.378070819921533,59.326736895621401,45.249483744013219,100]}}],"weights":[1,1]},"field":"StdResid","numberFormat":{"type":"CIMNumericFormat","alignmentOption":"esriAlignLeft","alignmentWidth":12,"roundingOption":"esriRoundNumberOfDecimals","roundingValue":6,"zeroPad":true},"heading":"StdResid","polygonSymbolColorTarget":"Fill","drawGraduatedSymbolsAboveAllLayers":true,"classificationMethod":"Manual","breaks":[{"type":"CIMClassBreak","label":"\u003c -2.5 Std. Dev.","patch":"Default","symbol":{"type":"CIMSymbolReference","symbol":{"type":"CIMPointSymbol","symbolLayers":[{"type":"CIMCharacterMarker","enable":true,"name":"Level_6","colorLocked":true,"anchorPointUnits":"Relative","dominantSizeAxis3D":"Y","size":7,"billboardMode3D":"FaceNearPlane","characterIndex":40,"fontFamilyName":"ESRI Default Marker","fontStyleName":"Regular","fontType":"Unspecified","scaleX":1,"symbol":{"type":"CIMPolygonSymbol","symbolLayers":[{"type":"CIMSolidFill","enable":true,"name":"Level_6","color":{"type":"CIMRGBColor","values":[0,0,0,100]}}],"angleAlignment":"Map"},"scaleSymbolsProportionally":true,"respectFrame":true},{"type":"CIMCharacterMarker","enable":true,"name":"Level_6","anchorPointUnits":"Relative","dominantSizeAxis3D":"Y","size":7,"billboardMode3D":"FaceNearPlane","characterIndex":33,"fontFamilyName":"ESRI Default Marker","fontStyleName":"Regular","fontType":"Unspecified","scaleX":1,"symbol":{"type":"CIMPolygonSymbol","symbolLayers":[{"type":"CIMSolidFill","enable":true,"name":"Level_6","color":{"type":"CIMHSVColor","values":[214,62,71,100]}}],"angleAlignment":"Map"},"scaleSymbolsProportionally":true,"respectFrame":true}],"haloSize":1,"scaleX":1,"angleAlignment":"Map"}},"upperBound":-2.5},{"type":"CIMClassBreak","label":"-2.5 - -1.5 Std. Dev.","patch":"Default","symbol":{"type":"CIMSymbolReference","symbol":{"type":"CIMPointSymbol","symbolLayers":[{"type":"CIMCharacterMarker","enable":true,"name":"Level_4","colorLocked":true,"anchorPointUnits":"Relative","dominantSizeAxis3D":"Y","size":7,"billboardMode3D":"FaceNearPlane","characterIndex":40,"fontFamilyName":"ESRI Default Marker","fontStyleName":"Regular","fontType":"Unspecified","scaleX":1,"symbol":{"type":"CIMPolygonSymbol","symbolLayers":[{"type":"CIMSolidFill","enable":true,"name":"Level_4","color":{"type":"CIMRGBColor","values":[0,0,0,100]}}],"angleAlignment":"Map"},"scaleSymbolsProportionally":true,"respectFrame":true},{"type":"CIMCharacterMarker","enable":true,"name":"Level_4","anchorPointUnits":"Relative","dominantSizeAxis3D":"Y","size":7,"billboardMode3D":"FaceNearPlane","characterIndex":33,"fontFamilyName":"ESRI Default Marker","fontStyleName":"Regular","fontType":"Unspecified","scaleX":1,"symbol":{"type":"CIMPolygonSymbol","symbolLayers":[{"type":"CIMSolidFill","enable":true,"name":"Level_4","color":{"type":"CIMHSVColor","values":[211,29,73,100]}}],"angleAlignment":"Map"},"scaleSymbolsProportionally":true,"respectFrame":true}],"haloSize":1,"scaleX":1,"angleAlignment":"Map"}},"upperBound":-1.5},{"type":"CIMClassBreak","label":"-1.5 - -0.5 Std. Dev.","patch":"Default","symbol":{"type":"CIMSymbolReference","symbol":{"type":"CIMPointSymbol","symbolLayers":[{"type":"CIMCharacterMarker","enable":true,"name":"Level_2","colorLocked":true,"anchorPointUnits":"Relative","dominantSizeAxis3D":"Y","size":7,"billboardMode3D":"FaceNearPlane","characterIndex":40,"fontFamilyName":"ESRI Default Marker","fontStyleName":"Regular","fontType":"Unspecified","scaleX":1,"symbol":{"type":"CIMPolygonSymbol","symbolLayers":[{"type":"CIMSolidFill","enable":true,"name":"Level_2","color":{"type":"CIMRGBColor","values":[0,0,0,100]}}],"angleAlignment":"Map"},"scaleSymbolsProportionally":true,"respectFrame":true},{"type":"CIMCharacterMarker","enable":true,"name":"Level_2","anchorPointUnits":"Relative","dominantSizeAxis3D":"Y","size":7,"billboardMode3D":"FaceNearPlane","characterIndex":33,"fontFamilyName":"ESRI Default Marker","fontStyleName":"Regular","fontType":"Unspecified","scaleX":1,"symbol":{"type":"CIMPolygonSymbol","symbolLayers":[{"type":"CIMSolidFill","enable":true,"name":"Level_2","color":{"type":"CIMHSVColor","values":[109,7,80,100]}}],"angleAlignment":"Map"},"scaleSymbolsProportionally":true,"respectFrame":true}],"haloSize":1,"scaleX":1,"angleAlignment":"Map"}},"upperBound":-0.5},{"type":"CIMClassBreak","label":"-0.5 - 0.5 Std. Dev.","patch":"Default","symbol":{"type":"CIMSymbolReference","symbol":{"type":"CIMPointSymbol","symbolLayers":[{"type":"CIMCharacterMarker","enable":true,"name":"Level_1","colorLocked":true,"anchorPointUnits":"Relative","dominantSizeAxis3D":"Y","size":7,"billboardMode3D":"FaceNearPlane","characterIndex":40,"fontFamilyName":"ESRI Default Marker","fontStyleName":"Regular","fontType":"Unspecified","scaleX":1,"symbol":{"type":"CIMPolygonSymbol","symbolLayers":[{"type":"CIMSolidFill","enable":true,"name":"Level_1","color":{"type":"CIMRGBColor","values":[0,0,0,100]}}],"angleAlignment":"Map"},"scaleSymbolsProportionally":true,"respectFrame":true},{"type":"CIMCharacterMarker","enable":true,"name":"Level_1","anchorPointUnits":"Relative","dominantSizeAxis3D":"Y","size":7,"billboardMode3D":"FaceNearPlane","characterIndex":33,"fontFamilyName":"ESRI Default Marker","fontStyleName":"Regular","fontType":"Unspecified","scaleX":1,"symbol":{"type":"CIMPolygonSymbol","symbolLayers":[{"type":"CIMSolidFill","enable":true,"name":"Level_1","color":{"type":"CIMHSVColor","values":[60,25,100,100]}}],"angleAlignment":"Map"},"scaleSymbolsProportionally":true,"respectFrame":true}],"haloSize":1,"scaleX":1,"angleAlignment":"Map"}},"upperBound":0.5},{"type":"CIMClassBreak","label":"0.5 - 1.5 Std. Dev.","patch":"Default","symbol":{"type":"CIMSymbolReference","symbol":{"type":"CIMPointSymbol","symbolLayers":[{"type":"CIMCharacterMarker","enable":true,"name":"Level_3","colorLocked":true,"anchorPointUnits":"Relative","dominantSizeAxis3D":"Y","size":7,"billboardMode3D":"FaceNearPlane","characterIndex":40,"fontFamilyName":"ESRI Default Marker","fontStyleName":"Regular","fontType":"Unspecified","scaleX":1,"symbol":{"type":"CIMPolygonSymbol","symbolLayers":[{"type":"CIMSolidFill","enable":true,"name":"Level_3","color":{"type":"CIMRGBColor","values":[0,0,0,100]}}],"angleAlignment":"Map"},"scaleSymbolsProportionally":true,"respectFrame":true},{"type":"CIMCharacterMarker","enable":true,"name":"Level_3","anchorPointUnits":"Relative","dominantSizeAxis3D":"Y","size":7,"billboardMode3D":"FaceNearPlane","characterIndex":33,"fontFamilyName":"ESRI Default Marker","fontStyleName":"Regular","fontType":"Unspecified","scaleX":1,"symbol":{"type":"CIMPolygonSymbol","symbolLayers":[{"type":"CIMSolidFill","enable":true,"name":"Level_3","color":{"type":"CIMHSVColor","values":[27,47,98,100]}}],"angleAlignment":"Map"},"scaleSymbolsProportionally":true,"respectFrame":true}],"haloSize":1,"scaleX":1,"angleAlignment":"Map"}},"upperBound":1.5},{"type":"CIMClassBreak","label":"1.5 - 2.5 Std. Dev.","patch":"Default","symbol":{"type":"CIMSymbolReference","symbol":{"type":"CIMPointSymbol","symbolLayers":[{"type":"CIMCharacterMarker","enable":true,"name":"Level_5","colorLocked":true,"anchorPointUnits":"Relative","dominantSizeAxis3D":"Y","size":7,"billboardMode3D":"FaceNearPlane","characterIndex":40,"fontFamilyName":"ESRI Default Marker","fontStyleName":"Regular","fontType":"Unspecified","scaleX":1,"symbol":{"type":"CIMPolygonSymbol","symbolLayers":[{"type":"CIMSolidFill","enable":true,"name":"Level_5","color":{"type":"CIMRGBColor","values":[0,0,0,100]}}],"angleAlignment":"Map"},"scaleSymbolsProportionally":true,"respectFrame":true},{"type":"CIMCharacterMarker","enable":true,"name":"Level_5","anchorPointUnits":"Relative","dominantSizeAxis3D":"Y","size":7,"billboardMode3D":"FaceNearPlane","characterIndex":33,"fontFamilyName":"ESRI Default Marker","fontStyleName":"Regular","fontType":"Unspecified","scaleX":1,"symbol":{"type":"CIMPolygonSymbol","symbolLayers":[{"type":"CIMSolidFill","enable":true,"name":"Level_5","color":{"type":"CIMHSVColor","values":[14,66,93,100]}}],"angleAlignment":"Map"},"scaleSymbolsProportionally":true,"respectFrame":true}],"haloSize":1,"scaleX":1,"angleAlignment":"Map"}},"upperBound":2.5},{"type":"CIMClassBreak","label":"\u003e 2.5 Std. Dev.","patch":"Default","symbol":{"type":"CIMSymbolReference","symbol":{"type":"CIMPointSymbol","symbolLayers":[{"type":"CIMCharacterMarker","enable":true,"name":"Level_7","colorLocked":true,"anchorPointUnits":"Relative","dominantSizeAxis3D":"Y","size":7,"billboardMode3D":"FaceNearPlane","characterIndex":40,"fontFamilyName":"ESRI Default Marker","fontStyleName":"Regular","fontType":"Unspecified","scaleX":1,"symbol":{"type":"CIMPolygonSymbol","symbolLayers":[{"type":"CIMSolidFill","enable":true,"name":"Level_7","color":{"type":"CIMRGBColor","values":[0,0,0,100]}}],"angleAlignment":"Map"},"scaleSymbolsProportionally":true,"respectFrame":true},{"type":"CIMCharacterMarker","enable":true,"name":"Level_7","anchorPointUnits":"Relative","dominantSizeAxis3D":"Y","size":7,"billboardMode3D":"FaceNearPlane","characterIndex":33,"fontFamilyName":"ESRI Default Marker","fontStyleName":"Regular","fontType":"Unspecified","scaleX":1,"symbol":{"type":"CIMPolygonSymbol","symbolLayers":[{"type":"CIMSolidFill","enable":true,"name":"Level_7","color":{"type":"CIMHSVColor","values":[3,82,84,100]}}],"angleAlignment":"Map"},"scaleSymbolsProportionally":true,"respectFrame":true}],"haloSize":1,"scaleX":1,"angleAlignment":"Map"}},"upperBound":10000}],"minimumBreak":-10000,"showInAscendingOrder":true,"defaultSymbolPatch":"Default","sampleSize":10000,"normalizationTotal":1,"normalizationType":"Nothing","useExclusionSymbol":false,"exclusionSymbolPatch":"Default"},"scaleSymbols":true,"snappable":true,"symbolLayerDrawing":{"type":"CIMSymbolLayerDrawing","symbolLayers":[{"type":"CIMSymbolLayerIdentifier","symbolLayerName":"Level_7"},{"type":"CIMSymbolLayerIdentifier","symbolLayerName":"Level_6"},{"type":"CIMSymbolLayerIdentifier","symbolLayerName":"Level_5"},{"type":"CIMSymbolLayerIdentifier","symbolLayerName":"Level_4"},{"type":"CIMSymbolLayerIdentifier","symbolLayerName":"Level_3"},{"type":"CIMSymbolLayerIdentifier","symbolLayerName":"Level_2"},{"type":"CIMSymbolLayerIdentifier","symbolLayerName":"Level_1"}],"useSymbolLayerDrawing":true}}]}</LayerFile></DataProperties><SyncDate>20240311</SyncDate><SyncTime>14431500</SyncTime><ModDate>20240311</ModDate><ModTime>14431500</ModTime></Esri><dataIdInfo><envirDesc Sync="TRUE">Microsoft Windows 10 Version 10.0 (Build 22631) ; Esri ArcGIS 13.2.2.49743</envirDesc><dataLang><languageCode value="pol" Sync="TRUE"></languageCode><countryCode value="POL" Sync="TRUE"></countryCode></dataLang><idCitation><resTitle Sync="TRUE">wigry_ols</resTitle><presForm><PresFormCd value="005" Sync="TRUE"></PresFormCd></presForm></idCitation><spatRpType><SpatRepTypCd value="001" Sync="TRUE"></SpatRepTypCd></spatRpType></dataIdInfo><mdLang><languageCode value="pol" Sync="TRUE"></languageCode><countryCode value="POL" Sync="TRUE"></countryCode></mdLang><distInfo><distFormat><formatName Sync="TRUE">Shapefile</formatName></distFormat><distTranOps><transSize Sync="TRUE">0.000</transSize></distTranOps></distInfo><mdHrLv><ScopeCd value="005" Sync="TRUE"></ScopeCd></mdHrLv><mdHrLvName Sync="TRUE">dataset</mdHrLvName><refSysInfo><RefSystem><refSysID><identCode code="2172" Sync="TRUE"></identCode><idCodeSpace Sync="TRUE">EPSG</idCodeSpace><idVersion Sync="TRUE">6.7(9.3.0.0)</idVersion></refSysID></RefSystem></refSysInfo><spatRepInfo><VectSpatRep><geometObjs Name="wigry_ols"><geoObjTyp><GeoObjTypCd value="004" Sync="TRUE"></GeoObjTypCd></geoObjTyp><geoObjCnt Sync="TRUE">0</geoObjCnt></geometObjs><topLvl><TopoLevCd value="001" Sync="TRUE"></TopoLevCd></topLvl></VectSpatRep></spatRepInfo><spdoinfo><ptvctinf><esriterm Name="wigry_ols"><efeatyp Sync="TRUE">Simple</efeatyp><efeageom code="1" Sync="TRUE"></efeageom><esritopo Sync="TRUE">FALSE</esritopo><efeacnt Sync="TRUE">0</efeacnt><spindex Sync="TRUE">FALSE</spindex><linrefer Sync="TRUE">FALSE</linrefer></esriterm></ptvctinf></spdoinfo><eainfo><detailed Name="wigry_ols"><enttyp><enttypl Sync="TRUE">wigry_ols</enttypl><enttypt Sync="TRUE">Feature Class</enttypt><enttypc Sync="TRUE">0</enttypc></enttyp><attr><attrlabl Sync="TRUE">FID</attrlabl><attalias Sync="TRUE">FID</attalias><attrtype Sync="TRUE">OID</attrtype><attwidth Sync="TRUE">4</attwidth><atprecis Sync="TRUE">0</atprecis><attscale Sync="TRUE">0</attscale><attrdef Sync="TRUE">Internal feature number.</attrdef><attrdefs Sync="TRUE">Esri</attrdefs><attrdomv><udom Sync="TRUE">Sequential unique whole numbers that are automatically generated.</udom></attrdomv></attr><attr><attrlabl Sync="TRUE">Shape</attrlabl><attalias Sync="TRUE">Shape</attalias><attrtype Sync="TRUE">Geometry</attrtype><attwidth Sync="TRUE">0</attwidth><atprecis Sync="TRUE">0</atprecis><attscale Sync="TRUE">0</attscale><attrdef Sync="TRUE">Feature geometry.</attrdef><attrdefs Sync="TRUE">Esri</attrdefs><attrdomv><udom Sync="TRUE">Coordinates defining the features.</udom></attrdomv></attr><attr><attrlabl Sync="TRUE">Fe</attrlabl><attalias Sync="TRUE">Fe</attalias><attrtype Sync="TRUE">Double</attrtype><attwidth Sync="TRUE">19</attwidth><atprecis Sync="TRUE">0</atprecis><attscale Sync="TRUE">0</attscale></attr><attr><attrlabl Sync="TRUE">Mn_LOGARIT</attrlabl><attalias Sync="TRUE">Mn_LOGARIT</attalias><attrtype Sync="TRUE">Double</attrtype><attwidth Sync="TRUE">19</attwidth><atprecis Sync="TRUE">0</atprecis><attscale Sync="TRUE">0</attscale></attr><attr><attrlabl Sync="TRUE">Estimated</attrlabl><attalias Sync="TRUE">Estimated</attalias><attrtype Sync="TRUE">Double</attrtype><attwidth Sync="TRUE">19</attwidth><atprecis Sync="TRUE">0</atprecis><attscale Sync="TRUE">0</attscale></attr><attr><attrlabl Sync="TRUE">Residual</attrlabl><attalias Sync="TRUE">Residual</attalias><attrtype Sync="TRUE">Double</attrtype><attwidth Sync="TRUE">19</attwidth><atprecis Sync="TRUE">0</atprecis><attscale Sync="TRUE">0</attscale></attr><attr><attrlabl Sync="TRUE">StdResid</attrlabl><attalias Sync="TRUE">StdResid</attalias><attrtype Sync="TRUE">Double</attrtype><attwidth Sync="TRUE">19</attwidth><atprecis Sync="TRUE">0</atprecis><attscale Sync="TRUE">0</attscale></attr></detailed></eainfo><mdDateSt Sync="TRUE">20240311</mdDateSt></metadata>
